sample_id,aum
3317,3.427682723850012
3330,3.3586783204227686
3247,3.346599616110325
2808,3.208904467523098
2932,3.204767197370529
2987,3.1907939575612545
3349,3.18289814889431
3181,3.1751960031688213
2989,3.1718121990561485
2834,3.154494509100914
3259,3.1521559841930866
2947,3.1131618320941925
3144,3.0697607966139913
2874,3.0570969339460135
3202,3.0531791262328625
2928,3.024913102388382
2686,3.020283680409193
2741,3.0121652521193027
2209,3.011687323451042
2711,2.9801944736391306
3089,2.979448840022087
1480,2.972880481276661
1694,2.968104239553213
3142,2.9639465543441474
3263,2.9616114953532815
2019,2.9574269503355026
3134,2.953804086893797
2634,2.951543857343495
3072,2.9414998749271035
2447,2.9402044471353292
2723,2.9394330605864525
1583,2.9362017307430506
3085,2.9308598153293133
530,2.9289704291149974
2755,2.915503017604351
2568,2.9152915701270103
2137,2.8966666162014008
2992,2.896427761297673
2946,2.893346056342125
2782,2.887917685555294
365,2.8870758526027203
1210,2.885496322065592
3227,2.878199027851224
3060,2.8767731338739395
2756,2.8738212194293737
2091,2.8649143930524588
2738,2.8647511368617415
2281,2.862134177237749
2226,2.86158705689013
2100,2.8539525624364614
2739,2.85309512168169
3018,2.8514574610162526
2840,2.850333258509636
1844,2.8487522546201944
2464,2.8453922644257545
2888,2.8442435543984175
3185,2.8410586956888437
2942,2.8384037632495165
2594,2.8352215215563774
2266,2.8350874856114388
2514,2.8301699087023735
2640,2.8281949013471603
3361,2.8281440027058125
3195,2.8261090833693743
2297,2.8224581722170115
2721,2.8195662274956703
2455,2.8175847800448537
726,2.8164904173463583
2437,2.8128661513328552
2578,2.810846447944641
2793,2.8088129311800003
2126,2.8058339823037386
3251,2.804590840358287
2595,2.795429372228682
1177,2.793348826467991
3177,2.7928701918572187
2073,2.78769750893116
1457,2.7834670138545334
1758,2.7828282061964273
2753,2.7801487147808075
3219,2.778745172545314
1907,2.778469629585743
3116,2.7757913656532764
3360,2.7751470543444157
1971,2.7717747762799263
1589,2.768698211759329
1918,2.766772755421698
665,2.760986321605742
2804,2.7607651874423027
2068,2.756287673022598
1486,2.7516976660117507
3037,2.748989589512348
2064,2.7465852089226246
2837,2.7429420724511147
3365,2.7420468805357814
2570,2.740613739937544
2622,2.738402569666505
2736,2.736472310498357
1805,2.736016625771299
1769,2.7307303422130644
3030,2.7304957304149866
2326,2.72788679972291
1121,2.724719618447125
2461,2.7245252830907702
1400,2.7238501026295125
1671,2.7230489146895707
453,2.7228027917444706
3338,2.7223856449127197
2504,2.721772365272045
1640,2.719891515560448
3049,2.719036314636469
2296,2.718773953616619
3351,2.7176338210701942
2372,2.7161069735884666
2949,2.7149516460485756
1434,2.7141137681901455
1989,2.7107347324490547
923,2.705075445584953
1745,2.703801979776472
3255,2.7031195731833577
2315,2.7023116052150726
3287,2.6979529524687678
2930,2.685505460947752
2978,2.6819205541396514
2489,2.681321982294321
2177,2.6790151819586754
2258,2.678118740208447
1794,2.6765674706548452
2564,2.6718242061324418
3290,2.6665659956634045
2006,2.665333208627999
431,2.664251996204257
2846,2.662902034819126
2728,2.6617881823331118
1526,2.6604172252118587
3372,2.6572737358510494
3308,2.6571873584762216
2855,2.65554591268301
3013,2.6548463189974427
40,2.652265325188637
3279,2.651918224990368
771,2.6517038866877556
2466,2.649384554475546
856,2.644811725243926
2577,2.642087185755372
2819,2.6410245671868324
2794,2.6402292512357235
2811,2.6349248737096786
1891,2.634865403175354
3139,2.6332240104675293
3269,2.6327991038560867
1489,2.632017405703664
903,2.6312790401279926
1315,2.6305480133742094
952,2.629678779281676
2202,2.629620449617505
2729,2.6269519589841366
2518,2.626302808523178
2172,2.6238950341939926
654,2.6213919310830534
1660,2.6187422312796116
2727,2.6183208525180817
2537,2.615672653540969
3140,2.615504294168204
2817,2.615036677569151
2093,2.612252628663555
2132,2.6116691697388887
107,2.611527696251869
1425,2.611075453925878
3342,2.6099558724090457
3087,2.6086870399303734
882,2.6062978925183415
2187,2.6059003245900385
1233,2.6037156363017857
1410,2.6018801853060722
3309,2.6004474577493966
1785,2.6004412793554366
1941,2.596910229884088
2964,2.5967820584774017
3240,2.59458589181304
2598,2.5930628329515457
2939,2.5920768468640745
2110,2.5908374655991793
1424,2.589364303275943
1162,2.589083122089505
1037,2.5874394816346467
1911,2.5857566874474287
2658,2.5847164790611714
1444,2.584247536957264
2217,2.5842458796687424
3334,2.5823694467544556
444,2.5817346246913075
2403,2.5780683597549796
2693,2.5779485180974007
2533,2.576932467520237
2117,2.5746312737464905
2115,2.5724486745893955
2768,2.5724323466420174
3313,2.570197159075178
3183,2.5695476084947586
3286,2.5693185513373464
2347,2.5679458025842905
1796,2.56697504571639
3238,2.564852811396122
2706,2.5642431024461985
2304,2.5624923445284367
1708,2.5619356743991375
2897,2.559863307978958
1795,2.5579033009707928
2685,2.555377010256052
1723,2.5553629209753126
803,2.554825896397233
1637,2.5546947065740824
3109,2.553657654672861
1666,2.54995995759964
2631,2.547864429652691
2059,2.539957362227142
2302,2.5383084528148174
2420,2.537129821255803
2350,2.5334081929177046
1438,2.5298256664536893
2079,2.5296675376594067
2133,2.52854772657156
2940,2.52722354978323
2710,2.5265610460191965
2869,2.522877272218466
2322,2.5226540081202984
2862,2.5216979514807463
2120,2.5200280491262674
1736,2.519456870853901
3015,2.5183029174804688
1787,2.5168619621545076
2207,2.516461066901684
1602,2.5083467680960894
2832,2.5075506307184696
2415,2.506428537890315
3163,2.50586408469826
1481,2.504228659439832
2153,2.5029393534641713
3101,2.5017926986329257
2388,2.5011605182662606
2884,2.50039045792073
2162,2.4999143127352
3209,2.4988353177905083
2593,2.4976658052764833
2743,2.4973851749673486
1373,2.497150151990354
3091,2.496425145305693
236,2.4960850831121206
2772,2.4930104687809944
3167,2.4907131381332874
2959,2.488461384549737
3034,2.487822078168392
2008,2.4869501627981663
3232,2.4853343330323696
591,2.484274685382843
3362,2.4841139055788517
473,2.4816140457987785
3291,2.480778318364173
2175,2.4778677746653557
2701,2.47620134614408
3137,2.4755234085023403
3107,2.475354411173612
3165,2.475247805006802
1643,2.474442422389984
3105,2.4730289578437805
2231,2.4723816863261163
2268,2.4722885694354773
2279,2.471228289185092
2282,2.4699128651991487
3274,2.468980625271797
2918,2.4688406586647034
2798,2.468221075832844
2363,2.4652347825467587
2527,2.456441838759929
2088,2.4553917539305985
2908,2.4546947460621595
2854,2.4544182643294334
2011,2.4525321796536446
1859,2.4522585533559322
2160,2.4487084662541747
2609,2.4476168416440487
47,2.44487776234746
3058,2.4447555178776383
3100,2.4446527548134327
1851,2.4383957954123616
2097,2.4381148354150355
2638,2.437605869024992
1420,2.437151275575161
2500,2.4341927003115416
1709,2.4339922480285168
1338,2.4338837697869167
1452,2.4319640703615732
3220,2.430705374572426
1866,2.4288745424710214
2550,2.4278435558080673
619,2.4266580529510975
968,2.42613588552922
3289,2.424328063731082
1488,2.424256470578257
2606,2.42259662784636
3226,2.422513920813799
294,2.421743724960834
2627,2.420907683670521
326,2.417821379378438
2336,2.4171829875558615
1561,2.41697212215513
667,2.4167962465435266
3141,2.4153969660401344
2344,2.412116683088243
1469,2.412042422220111
2902,2.4119126982986927
2278,2.411327578127384
3331,2.410983249079436
2883,2.4090523053891957
320,2.4076042268425226
3138,2.4064630791544914
3038,2.4035509838722646
3216,2.4034752189181745
3020,2.402188491076231
940,2.4009681968018413
1097,2.4008082449436188
3364,2.4007383063435555
2764,2.3998398892581463
2109,2.399529619142413
2454,2.3984162947162986
2244,2.3974629011936486
2826,2.3966416055336595
2423,2.3962822621688247
2227,2.394957042299211
1951,2.3949255757033825
3098,2.3946724887937307
2472,2.393540252931416
2971,2.3933824189007282
2744,2.3922810424119234
2692,2.391847456805408
1834,2.390403940109536
2789,2.387682327069342
1644,2.3872204748913646
1761,2.3860643138177693
2165,2.385035544168204
1553,2.3804561365395784
3323,2.3803865630179644
1309,2.379008493386209
2138,2.3776230039075017
2761,2.375042598694563
1996,2.372888369485736
1762,2.372699750587344
2571,2.3718758281320333
2143,2.371789652854204
942,2.3712115762755275
454,2.370060528628528
893,2.3699718043208122
1387,2.3678794261068106
1328,2.3667690344154835
522,2.365904050413519
1062,2.365327699109912
2453,2.364367595873773
2007,2.358891248703003
3326,2.3587213084101677
2242,2.3559429049491882
2707,2.354029352776706
2851,2.3528924584388733
3143,2.3509286739863455
430,2.3494908516295254
2526,2.3491709996014833
1131,2.3435731884092093
1421,2.3434798419475555
2873,2.3432110333815217
2136,2.3426043149083853
3254,2.3393162635620683
53,2.3377121379598975
1965,2.336972337216139
2607,2.3340524022933096
3178,2.3339663222432137
1441,2.33354458399117
632,2.33301480486989
3029,2.332363967318088
1721,2.3316230215132236
878,2.3314550183713436
2956,2.32974949805066
2783,2.3292581187561154
548,2.3277583085000515
1485,2.3271477851085365
265,2.32658264413476
2219,2.324418982490897
2422,2.323278604540974
1498,2.3229285273700953
1819,2.3228570364881307
2859,2.3221234176307917
2418,2.3214218616485596
3267,2.320561707019806
2586,2.3204010911285877
1436,2.3187266616150737
2496,2.314500947482884
1677,2.313431978225708
2766,2.3110314197838306
1632,2.3093253119150177
2071,2.3081541997380555
1972,2.3075541546568274
2324,2.3054213486611843
594,2.3029052182100713
1273,2.3027276361826807
2205,2.3007865250110626
1707,2.3002392454072833
2318,2.3002139888703823
2894,2.2993969060480595
2517,2.2990659940987825
2994,2.299044150393456
2822,2.298359040170908
1601,2.297252061776817
1154,2.295609694905579
2960,2.294149659574032
3298,2.29365087300539
2311,2.2918855734169483
2602,2.291473537683487
1459,2.2896991204470396
2610,2.2885086350142956
1138,2.288107099942863
2000,2.2875581209082156
2499,2.286838738247752
1395,2.284940234385431
2357,2.2849228717386723
1104,2.284457331523299
2346,2.284139357507229
3039,2.2837013714015484
2267,2.2832258925773203
1259,2.2830707453977084
1792,2.2803632002323866
2624,2.2801101331133395
674,2.278151324018836
1576,2.2776696979999542
3035,2.277301538735628
2206,2.275921005755663
3233,2.275470052845776
1555,2.274088022299111
2861,2.271871709264815
1936,2.271675232797861
2369,2.2698799641802907
1772,2.266187678091228
2747,2.2647946774959564
801,2.2646564561873674
2478,2.2636769423261285
3228,2.263374723494053
296,2.262331741861999
2286,2.25883973762393
81,2.258552539162338
78,2.2568118292838335
407,2.256790117826313
3357,2.2563637122511864
323,2.2537765027955174
2300,2.2523865774273872
1270,2.2522138776257634
2849,2.251898307353258
3086,2.250705473124981
2360,2.250478185713291
1754,2.2503544790670276
1455,2.2478833524510264
3048,2.247023146599531
1663,2.2466675201430917
3243,2.2463287757709622
2659,2.2452665138989687
1588,2.2445716122165322
1659,2.2437699111178517
2270,2.240893818438053
3355,2.239627498202026
1308,2.238579315133393
3249,2.2376942560076714
1775,2.237230005208403
2558,2.2364085814915597
1279,2.2352504073642194
3280,2.235179804265499
653,2.232102603651583
3130,2.2320089964196086
3154,2.2309431321918964
3155,2.229648935608566
2663,2.2296160999685526
1888,2.2273644329980016
661,2.2242576116696
847,2.2233573459088802
93,2.2233557859435678
2565,2.222939689643681
2892,2.22254588175565
1760,2.2224395484663546
2538,2.222133341245353
2241,2.221476014703512
2290,2.2188570145517588
3208,2.2188482843339443
1664,2.217894669622183
1592,2.2173281516879797
1599,2.214727294864133
226,2.214599601458758
1074,2.2143059326335788
2074,2.2090176828205585
2435,2.2085863649845123
214,2.207359878346324
2674,2.2072624964639544
2896,2.206950396299362
338,2.205698155798018
261,2.204914804548025
2914,2.204540926963091
2490,2.201739619486034
1541,2.1987739661708474
2969,2.1958851516246796
3300,2.1958354867529124
3076,2.1930183488875628
2633,2.1930041536688805
2037,2.1929449290037155
2083,2.1920915618538857
3092,2.1920530614443123
3256,2.1915482096374035
3017,2.1897154711186886
2233,2.189005011692643
2763,2.1870093531906605
2024,2.186080177081749
2893,2.1842682315036654
151,2.1834737099707127
774,2.182700552046299
1539,2.1823109164834023
3197,2.180421916767955
2186,2.179152595810592
1460,2.1786451525986195
1040,2.1770001221448183
2015,2.1768845468759537
819,2.1756199337542057
2911,2.1751862172968686
2904,2.175074969418347
658,2.174153197091073
3261,2.1736735105514526
586,2.1735681570135057
2698,2.172930233180523
2587,2.1722248680889606
2922,2.170831222087145
1985,2.1707235630601645
3064,2.1702973283827305
1197,2.1699017942883074
2788,2.1698233475908637
2724,2.169634030200541
1175,2.169177522882819
2113,2.169074770063162
2458,2.1633018804714084
1998,2.163267311640084
387,2.1630680365487933
958,2.1629367507994175
284,2.160389917669818
1626,2.160284160170704
716,2.1580799377989024
1466,2.157625515013933
2084,2.157570458482951
2612,2.1574796279892325
142,2.1568598626181483
3121,2.156400309409946
2907,2.156189814209938
2335,2.1554689570330083
84,2.155374060384929
2628,2.15521742857527
121,2.154808094725013
2082,2.1545513621531427
687,2.1544862035661936
2754,2.154316090978682
2566,2.1542154015041888
1285,2.154003470321186
1927,2.152967859990895
2124,2.1527433060109615
1108,2.152742974460125
2029,2.152640964835882
1822,2.152544779703021
1523,2.1522855057846755
2864,2.152123344130814
2865,2.151260666549206
3096,2.151177406311035
2169,2.149432851932943
2626,2.1477532777935266
1684,2.147201521322131
186,2.146445609629154
2057,2.145992275327444
686,2.1433105915784836
1545,2.1423241638112813
1186,2.1420026989653707
3027,2.1416147558484226
1949,2.1398147819563746
3161,2.1397645212709904
2742,2.139350328594446
2129,2.137423944659531
2223,2.135351177304983
2919,2.1352865248918533
1713,2.1340493778698146
1546,2.1331317238509655
2641,2.132960816845298
1940,2.1318286871537566
2276,2.13182526640594
1313,2.1306050084531307
2784,2.1291326652280986
3119,2.127785801887512
782,2.126278937328607
3179,2.1253255903720856
1739,2.1247652042657137
1125,2.124379275366664
3075,2.121166067197919
327,2.11945384927094
603,2.1184827042743564
705,2.1176586663350463
1264,2.1172560239210725
1828,2.1170218773186207
1575,2.1155840922147036
3110,2.1153979846276343
1658,2.1153467462863773
2725,2.114535642787814
901,2.1143594863824546
62,2.1133896408136934
2716,2.112961009144783
19,2.1126753697171807
2180,2.112587652169168
1670,2.1121967351064086
2952,2.110627166926861
2081,2.1106200171634555
1770,2.110558028332889
2025,2.10874783154577
263,2.108156285248697
2432,2.106119282543659
1603,2.105741338804364
2072,2.105566067621112
1331,2.105403147172183
426,2.1031808480620384
2449,2.1011653281748295
1812,2.0999847762286663
1714,2.0987033173441887
2673,2.09751561563462
1900,2.0961972419172525
2828,2.0958858020603657
1179,2.095824816264212
2805,2.092365935444832
2953,2.0919599002227187
597,2.0906452373601496
722,2.090484733460471
2012,2.089869387447834
2574,2.0896684490144253
1917,2.088160908780992
2572,2.087956555187702
86,2.0867048827931285
130,2.085266813635826
1035,2.0848350557498634
350,2.084830684121698
1437,2.084386533126235
3341,2.0823217667639256
1983,2.082230887375772
2781,2.0811829175800085
2800,2.0794664761051536
733,2.07945340545848
1773,2.0793472938239574
626,2.0790006848983467
2655,2.0784311555325985
1620,2.0754234762862325
1406,2.0742882599588484
2676,2.072404028614983
2966,2.0713184103369713
2114,2.07100897654891
1014,2.070898490026593
2529,2.0708696893416345
1953,2.069421454332769
2827,2.0677348421886563
3055,2.0674689263105392
2036,2.0671587958931923
3136,2.0666978415101767
2833,2.066546868532896
2999,2.0661042854189873
846,2.0654377825558186
3327,2.0649400651454926
3126,2.064601215533912
1982,2.0636514984071255
484,2.0633036461658776
257,2.0611207569018006
1906,2.06060051266104
3188,2.060309079475701
3079,2.0595273673534393
2532,2.0591152999550104
2345,2.058774192817509
1100,2.0583311850205064
397,2.057073034113273
2331,2.0560127859935164
2668,2.0559885147958994
804,2.0523164900951087
2689,2.051753170788288
2759,2.0504102115519345
639,2.050068225711584
315,2.049657063675113
381,2.0488488152623177
1993,2.0482243209844455
1890,2.047736781765707
307,2.0476933419704437
1467,2.047469126060605
180,2.047153949737549
2927,2.0459145985078067
2023,2.0455774003639817
2600,2.0455539487302303
596,2.044571668142453
702,2.044346867594868
1479,2.0433611436747015
3318,2.0432477025315166
2816,2.0429319823160768
840,2.0422981157898903
2771,2.0422675535082817
2361,2.0417728777974844
3095,2.04145616479218
2409,2.040352191776037
1729,2.0384885668754578
3057,2.03738868329674
2157,2.0356677919626236
524,2.0353946848772466
1715,2.0350281128194183
2067,2.034469270147383
2256,2.0330245257355273
1005,2.032542137429118
693,2.031625250354409
1265,2.0306266490370035
1861,2.0304383477196097
2750,2.0299358014017344
308,2.029745403677225
3056,2.029679097235203
2970,2.0293315080925822
2419,2.0284849693998694
2934,2.0277729369699955
2839,2.0276827700436115
859,2.026457288302481
2845,2.026025698054582
2797,2.024450210854411
2239,2.0234569106251
2358,2.02330424496904
2062,2.0230928361415863
1573,2.0222497759386897
336,2.0221849596127868
1738,2.0211372843477875
2400,2.0211136480793357
3025,2.018397725187242
723,2.0172860585153103
497,2.015662827529013
230,2.0145815098658204
2049,2.0143544701859355
417,2.012574036605656
737,2.0124007323756814
2760,2.0121274129487574
2003,2.0117595866322517
328,2.0116915811086074
3215,2.011644109385088
2402,2.011440474539995
2576,2.010500813834369
824,2.0100183323957026
2,2.0093528740108013
809,2.0092245703563094
1873,2.008939771912992
2155,2.0086220959201455
2440,2.0086212158203125
1937,2.0085627492517233
678,2.008017358602956
2245,2.006927660666406
515,2.006383376196027
3008,2.0054558282718062
728,2.00466226413846
2303,2.0032174261286855
3115,2.002777364104986
3111,2.001372347585857
2235,1.9998565628193319
1741,1.9989783372730017
383,1.9985663322731853
2684,1.9975254759192467
2726,1.9967216700315475
1107,1.9958590287715197
2497,1.9954850655049086
189,1.9952691779471934
2368,1.99419704079628
663,1.99398231995292
3194,1.993934776633978
1249,1.99331493396312
504,1.990271476097405
988,1.989656787365675
85,1.9879379961639643
2665,1.9878447270020843
3285,1.9874941408634186
1394,1.9873882317915559
3102,1.9859425316099077
1370,1.9857419366016984
2770,1.9842691347002983
2127,1.984178349841386
2379,1.983376882970333
545,1.9830959951505065
1271,1.982705444097519
1621,1.9821536969393492
2995,1.981398374773562
624,1.9805988920852542
2382,1.9800599669106305
2515,1.9800020791590214
1384,1.9794345647096634
3082,1.9792921273037791
1880,1.977753568906337
2886,1.9765168614685535
2510,1.9764417419210076
2044,1.976182971149683
3160,1.975927115418017
1053,1.9747414700686932
2878,1.9743045126087964
1071,1.9731888414826244
1749,1.9731336585246027
1928,1.9722321033477783
2581,1.9712420189753175
3124,1.9706704581622034
2542,1.9706218279898167
3193,1.9688792191445827
2948,1.9687283542007208
876,1.9678084142506123
791,1.9675425617024302
3204,1.9661557185463607
2998,1.9658916369080544
3218,1.9657807104522362
21,1.9657077356241643
2981,1.9651460889726877
1950,1.9643434318713844
1341,1.9634097326779738
1402,1.9633323047310114
2421,1.9631870221346617
1344,1.9629648821428418
2405,1.9621733594685793
124,1.9576753191649914
2234,1.9575291853398085
77,1.9575058235786855
2923,1.9556460455060005
866,1.9552989802323282
604,1.9524575788527727
3332,1.952146152034402
339,1.9513719424139708
2592,1.9511928036808968
1034,1.9503763169050217
432,1.9492287449538708
1608,1.9492237293161452
1092,1.9488413003273308
1448,1.9485266073606908
2352,1.946509084198624
2122,1.943291237577796
2818,1.9421201162040234
2996,1.942046127282083
526,1.9383670152164996
2931,1.9382069050334394
3045,1.937918326817453
690,1.9367537163197994
3278,1.9358638040721416
2812,1.9353142478503287
2371,1.9352532979100943
966,1.9346079053357244
1558,1.934074884513393
2868,1.9339481382630765
1280,1.9336878629401326
2301,1.933513056486845
2657,1.933393307030201
3187,1.9333044923841953
773,1.93260564096272
3354,1.9319173600524664
3356,1.9307102393358946
1704,1.9286080398596823
587,1.9283671255689114
1146,1.927841957192868
1808,1.9277108907699585
2980,1.9275625962764025
1508,1.9269165596924722
479,1.9257209738716483
1667,1.9255746928974986
239,1.9253647765144706
334,1.9251594673842192
1973,1.924798407126218
1290,1.9246437400579453
2288,1.9246377758681774
1228,1.9241326743504032
2191,1.923778404481709
772,1.923261241056025
2842,1.9224014412611723
1513,1.9220961048267782
2903,1.9198116473853588
1058,1.919529989361763
3221,1.9191898494027555
957,1.9190901275724173
1604,1.9180082513485104
289,1.917074330151081
2342,1.91688946262002
853,1.9167410815134645
238,1.916502915788442
986,1.91583963483572
276,1.915836174506694
3368,1.914926334284246
734,1.9135414804331958
511,1.9133198386989534
1260,1.9127386722248048
319,1.91190639231354
3099,1.9114750765729696
2926,1.9114682513754815
2988,1.9114531874656677
2778,1.9107830692082644
2407,1.9102367889136076
917,1.9100830992683768
2535,1.909397860057652
228,1.909393459558487
2295,1.9086045240983367
1579,1.9074508217163384
1669,1.9072917038574815
231,1.907198267057538
61,1.9069280847907066
1967,1.9068332817405462
2065,1.905085302889347
2629,1.9045996638014913
1388,1.9042928842827678
550,1.9039189778268337
1559,1.902904225513339
1852,1.901679689064622
1838,1.901561878155917
1067,1.90143614821136
344,1.9011000227183104
2597,1.9002509792335331
1598,1.8997350754216313
2813,1.8993870848789811
3021,1.8978738021105528
2055,1.897235929965973
2656,1.896952547132969
56,1.8965684690047055
2134,1.8958350475877523
1991,1.8952578138560057
141,1.8950883545912802
3176,1.894843638408929
2938,1.8946584286168218
2204,1.8942950079217553
757,1.8939760634675622
2042,1.893726757261902
3373,1.893722479348071
982,1.893552640452981
2611,1.8925732057541609
1411,1.892116563161835
1932,1.8918974921107292
2299,1.8910909667611122
1767,1.8908441574312747
1064,1.8902742825448513
349,1.890273978933692
2963,1.8900388167239726
2945,1.890027794521302
2513,1.8899641069583595
1780,1.888715673238039
852,1.8883907170966268
1286,1.888070970773697
1196,1.8873578696511686
2251,1.8854836532846093
388,1.8850269466638565
1002,1.8848973934073001
1594,1.8839601546060294
560,1.8833746742457151
2712,1.8824870362877846
664,1.8821793207898736
2306,1.8819941761903465
2615,1.881625171750784
508,1.8813702166080475
3065,1.8813108189497143
2118,1.8806509599089622
2445,1.8797524333931506
1293,1.8788714478723705
371,1.8788049686700106
1755,1.8780825985595584
1407,1.8770720567554235
828,1.8753231493756175
136,1.8752107955515385
783,1.874856660142541
2424,1.8743036813102663
3162,1.8741945652291179
393,1.8733829660341144
1176,1.872085174312815
3311,1.8718803860247135
588,1.8712981380522251
575,1.8711068775737658
3363,1.8708871742710471
145,1.8700664415955544
1465,1.870021480601281
1295,1.868130823597312
1440,1.8680536821484566
1372,1.8679600218310952
2662,1.8675625463947654
1077,1.8671258427202702
3040,1.8661761449184269
2386,1.8655657349154353
796,1.86538515239954
1654,1.8646351415663958
2583,1.8639593943953514
3191,1.8635326391085982
2993,1.8627339415252209
2973,1.862254049628973
2145,1.8604375626891851
1039,1.8595704245381057
2321,1.859170664101839
533,1.8585611190646887
839,1.8572500543668866
2991,1.856194006279111
2364,1.8560247207060456
1988,1.8545450940728188
3182,1.8544007912278175
1992,1.8540170984342694
1797,1.8538925130851567
1359,1.8538532032398507
2354,1.8538181520998478
2293,1.8537233186652884
2705,1.852951055392623
2401,1.852770337369293
3150,1.851700834929943
1655,1.8512896143365651
1902,1.850662020035088
930,1.8502423157915473
512,1.8493276992812753
2452,1.8487533796578646
1790,1.848718638997525
2140,1.8482654206454754
2119,1.8479002667590976
67,1.847513132262975
2719,1.84700683131814
540,1.8467471729964018
3169,1.8462009727954865
2053,1.8453548713587224
1007,1.843420403311029
2183,1.8433892391622066
2305,1.842659438494593
159,1.8424074321519583
3260,1.8418079987168312
219,1.8416681112721562
3325,1.840308163780719
990,1.8397812359035015
1525,1.8374631134793162
2935,1.8373991213738918
1332,1.835428038612008
2179,1.834836752153933
1627,1.8348097775597125
1227,1.834567029029131
54,1.8341212878003716
3211,1.8338483562693
2492,1.8316637445241213
1044,1.8308607526123524
1648,1.8299307515844703
1102,1.8298342116177082
26,1.8290694174356759
413,1.8278720350936055
2545,1.827837505377829
3196,1.8273237394168973
607,1.8273192027118057
1429,1.8262583445757627
2836,1.8254014481790364
2298,1.824465506710112
2974,1.8242954793386161
2470,1.8237117810640484
3288,1.8235761253163218
3168,1.8235610648989677
2675,1.816767843440175
1476,1.816618037642911
1692,1.8165260213427246
1222,1.816414799541235
2010,1.815516708418727
3123,1.8150458550080657
2001,1.8136753644794226
3303,1.8134784288704395
1856,1.8129006437957287
116,1.8121929727494717
1333,1.8115863050334156
552,1.8105557532981038
779,1.810322180390358
299,1.810068171005696
2428,1.8090842389501631
1189,1.8079764917492867
295,1.807740781456232
3270,1.8070079162716866
374,1.806211810791865
2765,1.8056125431321561
2178,1.8051178846508265
681,1.804707265459001
1909,1.8035605081822723
3125,1.8034594566561282
3001,1.8031935542821884
1901,1.8030151091516018
2404,1.802726300433278
3023,1.80263358540833
999,1.8021480478346348
3230,1.8017863337881863
914,1.8016171539202332
2803,1.8005190123803914
1119,1.7999034287640825
324,1.7995565533638
240,1.7991521209478378
1791,1.79767312342301
3316,1.7972181658260524
1358,1.7957684341818094
2014,1.7953495346009731
677,1.7952025039121509
2524,1.7950307810679078
1898,1.794943471904844
5,1.7944960440509021
2174,1.7942499509081244
1147,1.7934702271595597
553,1.7929705209098756
1216,1.7888678833842278
860,1.7870539333671331
701,1.786973842419684
1939,1.786883189342916
243,1.7861410807818174
2749,1.7850395515561104
475,1.7847388866357505
2548,1.7844286039471626
2438,1.7826084485277534
1952,1.78204963542521
1869,1.7819736562669277
1868,1.7814293866977096
2106,1.780337537638843
3173,1.779332434758544
1365,1.7791069550439715
2785,1.778358948417008
2417,1.777926911599934
421,1.776280247606337
2936,1.775207762606442
768,1.7741693016141653
1006,1.7735701724886894
1587,1.7725382130593061
2636,1.7716333903372288
278,1.7698720879852772
2976,1.7698399759829044
1337,1.769697549752891
926,1.769647057633847
2560,1.769245907664299
2314,1.7685370072722435
3192,1.7673286888748407
2625,1.767301443964243
1884,1.7653879076242447
2549,1.7644862718880177
2792,1.7644331231713295
98,1.7641070117242634
41,1.7634233199059963
845,1.763420170173049
3336,1.7613643445074558
2732,1.7611468257382512
1353,1.7583678616210818
3239,1.7579827206209302
744,1.7574135747272521
3122,1.7573988754302263
2176,1.757049709558487
48,1.7566415276378393
2393,1.7549539036117494
1617,1.75481294747442
1724,1.7541776534635574
2075,1.7535820631310344
506,1.7533499151468277
844,1.7521303594112396
2703,1.7504422552883625
1607,1.750424646306783
363,1.7500910176895559
669,1.749450177885592
2309,1.7482280172407627
1934,1.747376449406147
1533,1.7473452556878328
1499,1.7471675844863057
1717,1.7467543669044971
2715,1.7460009846836329
1155,1.7456480849068612
1418,1.7455240241251886
1454,1.7451041624881327
218,1.744637872558087
2463,1.7445664247497916
2579,1.7440028581768274
602,1.742801494896412
1798,1.7420244626700878
2909,1.7419573464430869
1881,1.7408747356384993
2734,1.7407931699417531
1493,1.7404215866699815
2561,1.7397385779768229
391,1.739052708260715
1676,1.7379405302926898
3077,1.737436968833208
534,1.7365614175796509
162,1.7361378907226026
3050,1.736115250736475
3206,1.7347116377204657
335,1.73460818012245
786,1.7336848238483071
2807,1.7333454792387784
2212,1.7329097678884864
742,1.7325140936300159
354,1.7320049479603767
2154,1.7297212444245815
3352,1.7284514084458351
8,1.727603442966938
2929,1.727313183248043
1896,1.7271821461617947
1049,1.7259805793873966
945,1.724095731973648
3371,1.7229720279574394
1778,1.7227067975327373
994,1.7221583295613527
2523,1.7219170397147536
134,1.721528739668429
1215,1.7211907468736172
2588,1.720645871013403
1651,1.719859877601266
253,1.7196962465532124
1566,1.719275082461536
2095,1.7191778887063265
1143,1.719074088614434
225,1.7177089196629822
621,1.7170934989117086
1519,1.7159391716122627
2197,1.7156568318605423
1000,1.7154493601992726
1153,1.7144202096387744
152,1.7142023891210556
703,1.713396885432303
2031,1.7128553045913577
2667,1.7127641276456416
50,1.7123012985102832
1728,1.7113659586757421
3036,1.7111392505466938
766,1.7111343536525965
1069,1.710625495761633
1699,1.7090764506720006
3203,1.7074837125837803
2229,1.7064337059855461
1404,1.705475048162043
272,1.704471800941974
709,1.7044324530288577
370,1.7033143602311611
1962,1.7033052020706236
340,1.7025307232979685
2880,1.7024759901687503
57,1.702252489514649
3250,1.702023196965456
1543,1.6998897418379784
215,1.6998733840882778
3059,1.698842701036483
1732,1.6987158134579659
697,1.698552749119699
651,1.6981758512556553
1943,1.697913940064609
119,1.6975212739780545
418,1.697415011934936
1356,1.6973891737870872
1251,1.6964770392514765
2850,1.696224593091756
2269,1.69525854755193
1277,1.6919594360515475
322,1.6914310967549682
345,1.6910944124683738
2480,1.6908651236444712
22,1.6906375791877508
2047,1.689670406281948
1380,1.6891729440540075
43,1.6879336894489825
1080,1.687884189770557
1872,1.6873911507427692
1414,1.68521629832685
938,1.6839677784591913
2799,1.682595295831561
1357,1.6817312650382519
2881,1.6815061811357737
939,1.6814418081194162
101,1.6811162712983787
680,1.6802350524812937
1811,1.6799369589425623
2198,1.6798740569502115
1843,1.6797013748437166
2543,1.678722981363535
1156,1.6783127570524812
1646,1.6781910588033497
2821,1.6781511707231402
1945,1.6778144729323685
1802,1.677660869434476
1351,1.676166741643101
3090,1.6759455129504204
1521,1.675940165296197
2329,1.675708600319922
191,1.67534748185426
2383,1.6750506283715367
3320,1.674925610423088
3033,1.6747834482230246
3253,1.67457909649238
2654,1.6733843828551471
1560,1.6730646674986929
2089,1.6730223931372166
838,1.6717519499361515
424,1.6716708296444267
3366,1.671396041288972
2866,1.6708153248764575
589,1.670587564818561
491,1.669655486010015
1913,1.6687228938098997
955,1.6679198145866394
912,1.6673254743218422
1871,1.665998782031238
2045,1.6659785229712725
83,1.6655824165791273
2520,1.6653171060606837
443,1.664701797068119
1281,1.6642762594856322
269,1.6637619496323168
1182,1.6635808143764734
1262,1.6634550504386425
2193,1.663218080997467
1361,1.6630299109965563
827,1.662624538410455
2460,1.6616515554487705
2554,1.6606791345402598
277,1.6603130483999848
358,1.6579793095588684
405,1.6579037634655833
584,1.6576982447877526
2190,1.6571261589415371
1379,1.6565388115122914
483,1.6565073756501079
1322,1.6562410425394773
3094,1.6559810936450958
577,1.6559500969015062
820,1.6552435383200645
1876,1.6551155978813767
1748,1.654159838333726
2228,1.6541244969703257
1784,1.6532000307925045
890,1.6528949164785445
196,1.652299165725708
367,1.6520751463249326
712,1.651935706846416
514,1.6517916095908731
573,1.6517528183758259
627,1.651327203027904
1462,1.6506853101309389
3370,1.6493463050574064
1198,1.649197755381465
1464,1.6487179920077324
2977,1.6483453959226608
778,1.6465840847231448
1696,1.6462634056806564
731,1.646053044591099
2809,1.645436117425561
1487,1.6450875620357692
2481,1.64454176556319
1413,1.6433823192492127
3032,1.6427249601110816
2589,1.6425909902900457
1502,1.6420774303842336
487,1.638355383882299
1638,1.638205261901021
3052,1.6381955407559872
1066,1.63818384334445
37,1.6373486816883087
1783,1.6369169102981687
1299,1.636629288084805
756,1.6362390983849764
2639,1.6359198587015271
1088,1.6359046399593353
1008,1.6359034879133105
437,1.634487927891314
2841,1.6339258700609207
2262,1.6327003929764032
3158,1.6312562869861722
1590,1.6287477985024452
2471,1.626209519803524
1172,1.6252758393529803
169,1.6246731183491647
1733,1.6240825951099396
1864,1.6236705360934138
1925,1.623521352186799
1569,1.6233893567696214
198,1.62311783246696
3175,1.6225734781473875
2562,1.622054722160101
1954,1.6217206416185945
2367,1.6205093432217836
1268,1.6202573869377375
1320,1.6200573341920972
1883,1.6198342808056623
1073,1.6198313049972057
3237,1.6188053959049284
3258,1.618803009390831
2790,1.6179791018366814
420,1.6167642129585147
3236,1.6164959371089935
2249,1.6160619454458356
1703,1.6154694324359298
1010,1.613962583243847
1124,1.6125203119590878
684,1.6124588595703244
2511,1.6115341437980533
1653,1.6114280191250145
754,1.6107269949279726
1600,1.6106468848884106
2323,1.6101816892623901
2373,1.6100485194474459
2378,1.6093831134494394
1922,1.6091277748346329
1128,1.6081923749297857
1101,1.607702411711216
478,1.6069846493192017
1614,1.60527309961617
146,1.6047263708896935
3171,1.6046548299491405
2240,1.6034793317085132
3329,1.6030593048781157
1079,1.6005891412496567
834,1.6001640800386667
2366,1.5993573665618896
2436,1.5991074182093143
274,1.5988622158765793
2275,1.5973318554461002
736,1.596962669864297
139,1.5964533211663365
2509,1.5959791033528745
2370,1.5953019484877586
2984,1.5952306119725108
792,1.5947595909237862
3174,1.5942787528038025
382,1.5913286143913865
1853,1.5911148404702544
118,1.590374446939677
2536,1.5900541981682181
1657,1.589079363271594
2958,1.5889809099026024
641,1.588777189143002
865,1.5887467060238123
2519,1.587628860026598
287,1.587410664651543
2111,1.5871674809604883
1174,1.5869300030171871
557,1.586315928492695
915,1.5843299920670688
920,1.584246400743723
2252,1.5835397373884916
996,1.5824886374175549
3074,1.5822883264627308
258,1.5821822136640549
3207,1.5818488374352455
1571,1.5817014053463936
1650,1.5815149574773386
2642,1.5812240983359516
520,1.5810564989224076
1681,1.5810185922309756
3067,1.5807467044796795
45,1.579421142116189
2163,1.5789405778050423
892,1.578663065098226
1874,1.5783313538413495
3152,1.57676188275218
249,1.5765358216594905
1786,1.5757570751011372
184,1.5752056203782558
2274,1.5748161245137453
1364,1.5748076532036066
2843,1.574182472191751
775,1.5733575308695436
1826,1.5731420838274062
1994,1.5727829956449568
167,1.5715537928044796
404,1.5712851621210575
1548,1.5699934501899406
2852,1.569837611168623
538,1.568329656496644
1564,1.5677753333002329
2021,1.5633645206689835
285,1.5626539434306324
525,1.5622312519699335
1530,1.5622129682451487
2341,1.5619515385478735
1050,1.5619108929531649
1209,1.5615981742739677
3080,1.5613747164607048
2123,1.5606045480817556
2141,1.560135155916214
922,1.5598301272839308
2616,1.5594808706082404
20,1.5584044363349676
2872,1.5581263210624456
1298,1.5572834149934351
2569,1.557266989722848
1173,1.553472388535738
2443,1.5520802554674447
1478,1.5515428986400366
1886,1.5509563609957695
3019,1.550570659339428
571,1.550439148908481
1021,1.549002837156877
364,1.5489723831415176
1944,1.5487689729779959
1386,1.5487527959048748
1393,1.5485481210052967
1661,1.5483775939792395
312,1.5482035833410919
3114,1.5480044055730104
2399,1.5472749331966043
1986,1.5468548871576786
2263,1.5462164916098118
1565,1.545675767119974
887,1.5442106314003468
2330,1.5433908235281706
1449,1.5427087214775383
2099,1.542408797889948
442,1.5417952071875334
959,1.5413315957412124
3157,1.540648551657796
3319,1.540285357274115
1105,1.5388963459990919
2575,1.5381152173504233
2066,1.5379382567480206
2505,1.5367317833006382
2060,1.536679127253592
991,1.536360715283081
1185,1.535587833961472
378,1.535552634159103
14,1.5353819180745631
1340,1.535064677707851
355,1.5348222805187106
964,1.5343083451734856
1916,1.5340834455564618
343,1.5324708642438054
1668,1.532084691338241
2061,1.5318405777215958
362,1.5315082441084087
1428,1.5299971653148532
913,1.5298056462779641
271,1.5297571206465364
748,1.5296547524631023
583,1.528696108609438
1752,1.5281250542029738
1984,1.5281113293021917
739,1.5280527723953128
137,1.5275710802525282
1500,1.5274771861732006
2867,1.5273980591446161
220,1.52691151201725
490,1.5266615226864815
818,1.5257789138704538
499,1.5257080364972353
724,1.5256961891427636
1674,1.52562490478158
1103,1.5252364091575146
1473,1.5236482713371515
1399,1.5228011119179428
2230,1.522590521723032
2603,1.5219255294650793
1471,1.5193630065768957
2608,1.5190163077786565
1675,1.5187916941940784
2394,1.518193586729467
1827,1.517948817461729
359,1.5178846502676606
1833,1.5169181011151522
3264,1.5166163817048073
2775,1.5161843136884272
2528,1.5153866168111563
1367,1.5150862399023026
1892,1.5146052278578281
3212,1.5139067061245441
1540,1.513210117816925
1304,1.5129976756870747
82,1.512265627970919
2108,1.5115810909774154
1245,1.5115032587200403
446,1.5104872351512313
2678,1.5100922221317887
3345,1.5096556805074215
1306,1.5094262678176165
1433,1.5078722219914198
488,1.5072359563782811
656,1.5064959796145558
1682,1.5064056850969791
1305,1.5062642940320075
2161,1.5062515446916223
368,1.5055464524775743
3148,1.5049404837191105
2259,1.5047465842217207
2246,1.5046167010441422
2069,1.503317829221487
1919,1.5029375292360783
1691,1.502780243754387
648,1.502751193009317
1955,1.5025699203833938
580,1.5010404363274574
1904,1.4995051396545023
2502,1.4991643009707332
2046,1.4990697745233774
931,1.4987874580547214
1046,1.4987795129418373
3314,1.4986602514982224
1169,1.4980687582865357
1948,1.4979835413396358
2052,1.4978474164381623
700,1.4973398339934647
3118,1.4971673837862909
2691,1.4967062678188086
2253,1.4960430823266506
1015,1.4957786090672016
2485,1.4957068655639887
1818,1.4955833635758609
1734,1.4947922648862004
1679,1.4947425802238286
3265,1.4945678757503629
910,1.4944934155791998
113,1.4941513864323497
747,1.493211000226438
1611,1.4926606714725494
2891,1.4925723429769278
23,1.4924897346645594
3172,1.4921253784559667
896,1.490650026127696
148,1.4902859274297953
1405,1.4900121614336967
2380,1.4890956860035658
498,1.488979123532772
3242,1.487480465322733
1656,1.4869528701528907
3241,1.4862003773450851
375,1.4858629126101732
1829,1.485807755496353
2359,1.4855636321008205
2717,1.4854526352137327
3024,1.4852125756442547
3344,1.4852008931338787
2925,1.485122469253838
1076,1.484895871952176
907,1.4842757899314165
2780,1.4842580985277891
1369,1.482873860746622
2534,1.4825922413729131
2152,1.4806232703849673
2898,1.4806044725701213
1645,1.480488343629986
1563,1.4802542766556144
252,1.479517491068691
2697,1.4780921405181289
1616,1.477242129156366
2092,1.4754920359700918
1846,1.475177500396967
245,1.474702449515462
1086,1.4744650358334184
386,1.4738800879567862
3010,1.473463349044323
2381,1.4726130524650216
673,1.4723438397049904
2539,1.4709784053266048
2714,1.4707056479528546
814,1.4704416003078222
1445,1.4702627384103835
781,1.4692901354283094
3324,1.4691561828367412
1016,1.4686707481741905
566,1.4676510668359697
1683,1.4665314722806215
864,1.4655110854655504
3073,1.4654565155506134
401,1.4651050250977278
1352,1.4642153424210846
280,1.4633407723158598
2758,1.463155040051788
1567,1.4627218898385763
2184,1.461955319158733
1348,1.4616831908933818
872,1.4615113753825426
109,1.4603824666701257
15,1.4588183076120913
2139,1.4587661284022033
1282,1.4584198025986552
3069,1.4583397572860122
953,1.4582181966397911
3358,1.457809249870479
3294,1.4571745228022337
17,1.4563043192029
816,1.4561558831483126
725,1.4556576027534902
1201,1.4556348472833633
1649,1.4545501694083214
1312,1.4545397711917758
3147,1.4543934119865298
657,1.4515128142666072
832,1.4510800745338202
241,1.4499591691419482
2791,1.4497771710157394
1098,1.4496716698631644
2900,1.4496436789631844
863,1.4495529113337398
2411,1.4493101658299565
267,1.4490661416202784
2027,1.448760362342
612,1.4487281329929829
395,1.4486582968384027
1343,1.4480494242161512
769,1.4466694220900536
301,1.4463242776691914
880,1.44564100028947
950,1.4435426387935877
1288,1.4435194146353751
1552,1.442587815457955
1865,1.4421208766289055
836,1.441875722259283
759,1.441294422838837
564,1.441266552079469
1568,1.4410046706907451
1532,1.4407341815531254
2521,1.4402780635282397
2915,1.4402307868003845
380,1.4392713429406285
2406,1.4375736899673939
160,1.4367491817101836
55,1.4361664513126016
714,1.4361433014273643
74,1.436026786454022
2652,1.4357794132083654
10,1.4357307571917772
471,1.4351575463078916
951,1.4347397303208709
2056,1.4321894850581884
1921,1.4319895887747407
1132,1.4318250194191933
92,1.431582503952086
1390,1.4310991372913122
2150,1.4303142074495554
60,1.4297357453033328
1781,1.429561622440815
3293,1.428367666900158
366,1.4279629667289555
1075,1.4277424681931734
2887,1.4276640934403986
3097,1.426880955696106
507,1.426171092549339
610,1.4261582177132368
1461,1.4259431436657906
1463,1.4255064798053354
543,1.4251305086072534
2746,1.4242746084928513
1194,1.4226732193492353
983,1.4218372078612447
3006,1.420656512491405
1213,1.4206466674804688
1134,1.420382045675069
3225,1.4203644208610058
1140,1.4190047113224864
989,1.4188305027782917
161,1.4182499991729856
3083,1.417894646525383
1516,1.4177625249139965
2769,1.417211040854454
2921,1.416980478912592
2130,1.4167148983106017
104,1.4163636742159724
2317,1.415601980406791
2544,1.415489634964615
1947,1.413937727920711
1816,1.4126431001350284
883,1.4124093828722835
1442,1.4124088645912707
948,1.4106091703288257
3184,1.4097651578485966
69,1.4088530978187919
2620,1.4085779042216018
3180,1.4084997493773699
2623,1.4080313481390476
2392,1.4079920090734959
111,1.4070171271450818
2990,1.4047224316745996
806,1.4038304593414068
2875,1.4036065321415663
1232,1.4026366146281362
1287,1.398633268661797
1584,1.3982952611986548
704,1.3972115512005985
1319,1.3946512467227876
1314,1.394511228427291
157,1.3938831957057118
414,1.3936030827462673
944,1.392072293907404
2220,1.3915359042584896
717,1.3915048819035292
2291,1.390727000311017
551,1.389562035445124
3199,1.389084104448557
599,1.3872828702442348
1091,1.3868002025410533
2374,1.3866242840886116
114,1.3859525746665895
3151,1.3855516025796533
2103,1.3850406873971224
297,1.3845814811065793
462,1.3844337328337133
2333,1.3822823679074645
908,1.3821702832356095
2041,1.3813883624970913
645,1.3807934122160077
3112,1.3782969042658806
3305,1.378222268074751
1180,1.3778221253305674
3234,1.3777289427816868
3189,1.3748566675931215
70,1.3740398215595633
962,1.3738140538334846
2982,1.3736322936601937
246,1.372913435101509
2820,1.3713361714035273
2584,1.370099642779678
2696,1.369819498155266
51,1.3680421693716198
3022,1.3677118243649602
2591,1.367457125801593
2468,1.3670504351030104
3322,1.3664384372532368
3205,1.3652881886810064
2427,1.3652433836832643
3252,1.3639430697076023
2391,1.3631634395569563
2034,1.3627017568796873
784,1.3608245749492198
1924,1.3607114083133638
1793,1.3604709850624204
1961,1.3603411242365837
1672,1.3603121535852551
2735,1.3589530056342483
3164,1.358480408322066
3210,1.3577843587845564
495,1.3574412921443582
2142,1.3534161243587732
2362,1.3524088466074318
3346,1.3520142543129623
2700,1.3516987753100693
1639,1.3504746928811073
1923,1.3502961791818962
1302,1.3480632491409779
3084,1.3476791409775615
2664,1.3473303415812552
2679,1.3465383276343346
210,1.3464929587207735
790,1.3454787803348154
2643,1.3453667722642422
1504,1.3440020279958844
1849,1.3439062326215208
1324,1.3433928480371833
590,1.341791738756001
1702,1.3413663425017148
1624,1.3412760752253234
1055,1.3411933542229235
501,1.340965676587075
1133,1.3403576696291566
895,1.3392046056687832
1443,1.3388872230425477
1214,1.3381586652249098
618,1.3362949006259441
2637,1.3356548231095076
195,1.3356522382237017
751,1.334976401180029
1219,1.3336017094552517
28,1.333552091382444
2280,1.3324456717818975
224,1.3323107101023197
492,1.3314488995820284
620,1.3307469375431538
3016,1.3302235789597034
3200,1.3288772823289037
4,1.3286576606333256
1622,1.3278713345061988
1267,1.3271527094766498
967,1.3242373070679605
206,1.3239897186867893
2559,1.3234157827682793
1830,1.3229082897305489
435,1.3220395208336413
1501,1.3214108357205987
2563,1.3206900055520236
2477,1.3202644251286983
288,1.319465259090066
825,1.3193713026121259
2650,1.3180614933371544
472,1.3174229664728045
1831,1.3173602782189846
2312,1.3169680098071694
3081,1.3165398202836514
631,1.3163477163761854
535,1.3159499480389059
1875,1.3154455721378326
385,1.3154052896425128
2950,1.3152183489874005
1160,1.3145292694680393
707,1.3144718538969755
780,1.3144183121621609
1518,1.314345223363489
1084,1.3120748095680028
1963,1.311413231305778
2224,1.3108290703967214
318,1.310704680159688
2835,1.31032120808959
3348,1.3100210453849286
3128,1.3098596204072237
1782,1.309374208562076
2168,1.3092697323299944
1368,1.3091495744884014
2096,1.3090154603123665
1514,1.3088021678850055
1360,1.308227765839547
2699,1.3079596115276217
451,1.3068497190251946
1510,1.3066680524498224
647,1.3056981731206179
2493,1.3056718613952398
1482,1.3038710439577699
1025,1.3034262778237462
2871,1.3031514324247837
1705,1.302812374662608
2444,1.3018045648932457
3004,1.3011443237774074
2651,1.3009210051968694
1855,1.300778817385435
1244,1.3000221182592213
1116,1.299627878703177
2702,1.2991641173139215
2482,1.2991253398358822
1776,1.298933524871245
2185,1.2982626736629754
1995,1.2979336082935333
1027,1.2974389949813485
476,1.2964549013413489
1832,1.2955980662954971
605,1.2954661594703794
2387,1.2926114448346198
1789,1.2925747502595186
2201,1.291855676099658
425,1.2902354877442122
321,1.2897471757605672
11,1.2894313540309668
317,1.289351625367999
3103,1.2888520015403628
2718,1.2887077759951353
822,1.2885924950242043
125,1.2871515238657594
256,1.2869661999866366
2469,1.286009095609188
2944,1.2857821267098188
2494,1.2853318573907018
2507,1.2852152399718761
937,1.284744180738926
817,1.2840213794261217
3295,1.2821038370020688
3272,1.282067029736936
2757,1.2817950565367937
94,1.2814469914883375
3222,1.2802625708281994
1538,1.280014367774129
2530,1.2794761741533875
1766,1.2774375947192311
614,1.2772243008948863
260,1.2771108481101692
2425,1.276619452983141
1240,1.2750102579593658
1426,1.2747140070423484
904,1.274313447996974
1184,1.2742605856619775
2146,1.2729033660143614
2159,1.2726587848737836
2975,1.2723493198864162
3007,1.2712266026064754
3063,1.2710697520524263
1537,1.2700966438278556
894,1.2698149867355824
1585,1.2689417358487844
409,1.2683489946648479
3011,1.2683440763503313
1142,1.267630779184401
1719,1.2671182481572032
1823,1.266510296612978
1252,1.2649696366861463
2863,1.264150146394968
1234,1.2637203186750412
2906,1.2631753720343113
2104,1.2621849179267883
2985,1.2619850882911123
1004,1.2604754441417754
2395,1.260452214628458
1453,1.2603384484536946
1472,1.2600943966535851
1303,1.2597507499158382
1396,1.2587501908419654
1048,1.2584410323761404
582,1.2580255884677172
2590,1.2579868319444358
2604,1.2577856089919806
2408,1.2568836295977235
2377,1.2558489604853094
1159,1.255720755085349
3281,1.2552796192467213
1022,1.2530782893300056
1712,1.2529548853635788
1858,1.2522261328995228
547,1.2518009671475738
1475,1.2507558232173324
154,1.250358421355486
732,1.249133381061256
290,1.2484962427988648
494,1.2480008867569268
36,1.247700713109225
270,1.247240343131125
1635,1.2469598334282637
2112,1.2457814114168286
2967,1.2455564700067043
1527,1.2443475963082165
1727,1.2440456608310342
329,1.2426170359831303
1123,1.2398385433480144
776,1.2394544871058315
2289,1.2382314279675484
2098,1.237932601943612
675,1.2378971115686
200,1.2361891148611903
2264,1.2332219649106264
2005,1.2330149188637733
760,1.232865534722805
1431,1.231750292237848
7,1.2309136856347322
2192,1.230590189807117
1032,1.2303351424634457
341,1.2302266685292125
1211,1.2301175678148866
2087,1.229795129969716
199,1.2296572905033827
2199,1.2294774148613214
1997,1.2270024586468935
129,1.2269114183727652
574,1.2260673455893993
1751,1.225999959744513
1001,1.2256419656332582
89,1.225189664401114
1083,1.2249922379851341
486,1.2242302000522614
1291,1.2207402491476387
1815,1.2194120483472943
1503,1.2191663812845945
1517,1.216833489947021
2105,1.2159622330218554
1031,1.2140161148272455
2829,1.2119197680149227
823,1.2090270332992077
2838,1.208310583140701
2605,1.2060076892375946
447,1.20421773660928
2495,1.204127211123705
448,1.2038131481967866
3028,1.2035503033548594
1810,1.2031544363126159
1385,1.202084752265364
729,1.2013484318740666
1631,1.2004410319495946
1157,1.1999937044456601
1334,1.199123925762251
356,1.1982098538428545
1375,1.197565644979477
1764,1.1971922704251483
248,1.1968042388325557
2487,1.19678238267079
2690,1.1965397875756025
570,1.1955680157989264
556,1.1954132453538477
302,1.1952240988612175
1618,1.1950664627365768
2695,1.194847570732236
869,1.1948153898119926
2912,1.19473210349679
156,1.1935007363790646
650,1.193322766921483
578,1.1929449122399092
143,1.1921308250166476
2580,1.1919248313643038
2243,1.1915152096189559
567,1.1909131058491766
517,1.19073033798486
932,1.1899265279062092
622,1.1895130209159106
1149,1.1893405658192933
1422,1.187054949812591
2009,1.1860758364200592
13,1.1860232683829963
379,1.1854520287597552
638,1.1853879634290934
1842,1.1837758484762162
3337,1.1832148348912597
1737,1.1830972153693438
1199,1.1829996779561043
871,1.1822716277092695
117,1.1818172568455338
1419,1.1806547227315605
1231,1.1801510551013052
2512,1.1795518803410232
1363,1.1779309674166143
565,1.1760699525475502
666,1.1754115084186196
1507,1.174435032531619
1339,1.1737419865094125
1629,1.1718496272806078
1432,1.1718298811465502
672,1.1701021790504456
1615,1.1698344629257917
2924,1.1692663822323084
2661,1.1688739731907845
628,1.1684202263131738
1619,1.1683173263445497
2462,1.1673798095434904
3,1.1652998626232147
2653,1.1647587101906538
611,1.1641592220403254
559,1.1635155575349927
929,1.1626551640219986
2194,1.1625991370528936
2556,1.1623234115540981
1746,1.162186760106124
429,1.1619714749976993
980,1.1608326863497496
708,1.160045227734372
2708,1.1593516618013382
128,1.1567352805286646
1915,1.155698709655553
2599,1.1550017492845654
1839,1.1536809243261814
884,1.1533463336527348
2920,1.1531569864600897
600,1.1526304157450795
521,1.1519309161230922
377,1.1516866320744157
1042,1.1514715659432113
1129,1.1512370761483908
2002,1.1510917954146862
411,1.1509043294936419
2476,1.1503728460520506
2121,1.1484517036005855
194,1.148138909600675
3156,1.1473055458627641
2516,1.144929469563067
1595,1.1438761977478862
1376,1.1432822542265058
936,1.1424450338818133
1362,1.1402806416153908
1870,1.1402706373482943
2467,1.1402076706290245
64,1.140042865416035
1391,1.139225714839995
2043,1.1379426151397638
2777,1.137856088578701
1652,1.1342490958049893
826,1.1340276915580034
1,1.133557353168726
115,1.1331839449703693
251,1.1324759633280337
2210,1.132330653257668
1695,1.132116599008441
412,1.1310896994546056
831,1.1303771804086864
1774,1.1296144351363182
3201,1.1292377030476928
720,1.128585236147046
1606,1.1276239026337862
1292,1.1259516468271613
42,1.1253134291619062
2188,1.1251309690997005
1144,1.1248984392732382
975,1.1246836110949516
2941,1.124407460913062
1258,1.124255184084177
902,1.12315596092958
670,1.120804734993726
1938,1.1202461924403906
1753,1.1200357116758823
1272,1.1195144662633538
755,1.1192889087833464
3231,1.117110793478787
39,1.116879721172154
76,1.1159200905822217
2254,1.1133990189991891
1926,1.1128274868242443
2546,1.1123017817735672
173,1.1116536422632635
3217,1.111379330046475
96,1.1113474741578102
489,1.1111028464511037
3333,1.1097759939730167
1236,1.109443036839366
2351,1.108897652477026
785,1.1083184471353889
193,1.1080906097777188
12,1.105924942297861
1910,1.1055816472508013
1685,1.1049026085529476
2694,1.1046301173046231
2824,1.103396937251091
2429,1.1033173575997353
3127,1.1025945944711566
1524,1.1022084904834628
956,1.1015353854745626
164,1.099673964548856
1887,1.0988003257662058
3214,1.097888648044318
3353,1.0978605840355158
2032,1.0961811118759215
976,1.096026711165905
1577,1.0953401792794466
810,1.0950309336185455
1837,1.0936586209572852
105,1.0914248451590538
3044,1.091372444294393
695,1.0902447230182588
881,1.088381805922836
1325,1.0877148448489606
598,1.0861738440580666
1673,1.0848813792690635
1841,1.0848493296653032
3374,1.084732933435589
234,1.081598141696304
1807,1.0812530098482966
1139,1.0803753482177854
38,1.0798695632256567
2557,1.0797636052593589
1456,1.0792881997767836
746,1.0775197222828865
2853,1.0761326341889799
2479,1.0755221052095294
282,1.0753349270671606
3149,1.0751508371904492
1817,1.0744569785892963
2410,1.074313148856163
608,1.0739920251071453
595,1.0733019490726292
458,1.0728284930810332
652,1.0698453150689602
452,1.0695224348455667
1070,1.069414857774973
1297,1.069016889669001
735,1.0682212172541767
1735,1.0681783594191074
1266,1.0676643224433064
2063,1.0659366641193628
3321,1.064279270824045
1899,1.0641880799084902
2332,1.0612628161907196
1867,1.0602738736197352
2338,1.0598124247044325
1757,1.0589877390302718
2260,1.0588409021729603
3359,1.0585930291563272
480,1.0583579502999783
765,1.0582027551718056
576,1.0581651562824845
1634,1.0558910232502967
1756,1.055464890319854
44,1.054188049864024
390,1.054094419348985
2389,1.0536163114011288
3066,1.0535455299541354
2501,1.0533540034666657
1164,1.0525778303854167
2196,1.0524911703541875
1087,1.0521073266863823
1336,1.0518011981621385
3061,1.0486296536400914
2396,1.0455847783014178
1081,1.0455161109566689
3129,1.044573551043868
2271,1.043969999998808
905,1.043601157143712
2022,1.0378828318789601
2830,1.037119676824659
1068,1.0365822911262512
1885,1.0352815054357052
2412,1.034047276712954
3133,1.032543602399528
1248,1.0313048297539353
394,1.030746093019843
496,1.0303546376526356
2730,1.0303528448566794
463,1.0299627264030278
1161,1.0294654248282313
1417,1.0283698318526149
1041,1.026595812290907
2669,1.0263987220823765
998,1.0258278045803308
2016,1.0257955216802657
1166,1.025697186589241
1439,1.0255249408073723
616,1.0239120377227664
1647,1.0234032310545444
403,1.02318448247388
2334,1.0208013262599707
743,1.0197368822991848
309,1.0145983113907278
2660,1.0128991203382611
2767,1.0128271146677434
3335,1.012330043129623
207,1.010617972817272
1296,1.010598428081721
65,1.010167038301006
2028,1.009483064059168
1206,1.0090578580275178
851,1.0090521168895066
1742,1.0082589322701097
0,1.007670040242374
3031,1.0075564356520772
2248,1.006160101853311
1283,1.0057940119877458
235,1.0039822030812502
502,1.0021555945277214
438,1.001979609951377
1894,1.0005547520704567
671,1.0000390876084566
1612,1.0000198483467102
3310,0.9982238337397575
802,0.9977688018698245
399,0.9964102463563904
1690,0.9955429714173079
1226,0.9953978294506669
1491,0.9949448111001402
1427,0.9939725855365396
2102,0.9939037086442113
793,0.993811221793294
292,0.9930615569464862
636,0.9923643511720002
1127,0.9918261524289846
123,0.9914546934887767
1788,0.9894550773315132
313,0.9892471432685852
2257,0.9881612956523895
2525,0.9871147014200687
2677,0.9859688896685839
710,0.9856689407024533
2214,0.9836877062916756
250,0.9832146745175123
3315,0.9829999608919024
1118,0.9824401969090104
2508,0.9821020006202161
229,0.9812199329026043
97,0.9806530214846134
2951,0.9785830238834023
503,0.9781972176861018
1409,0.9769377035554498
2283,0.9766087606549263
1112,0.9760178998112679
1536,0.9759787246584892
2216,0.9758582152426243
2483,0.9758546911180019
927,0.9730611061677337
3014,0.9726975383237004
158,0.9725392647087574
2181,0.9710021503269672
546,0.96870237425901
79,0.9686723975464702
456,0.9646693244576454
213,0.9642992364242673
848,0.9637984242290258
3262,0.9635447394102812
2325,0.9630177244544029
2107,0.9623650452122092
2355,0.9621827844530344
1261,0.9599615596234798
3306,0.9577419711276889
1966,0.9577103704214096
2294,0.957618210464716
2876,0.956539283040911
1430,0.9555622395128012
1250,0.9552779402583838
66,0.9551368933171034
2448,0.9541871659457684
1346,0.9519345962908119
1028,0.9514874210581183
2039,0.9500265894457698
2806,0.949485304299742
389,0.9488733466714621
286,0.948577344417572
3198,0.947904895991087
1371,0.94443135894835
217,0.9441226003691554
1547,0.9437447539530694
2164,0.9434589995071292
1345,0.9434174913913012
1531,0.9421847108751535
1013,0.9413236393593252
2457,0.9404711000388488
1610,0.940429619513452
2720,0.9399151019752026
676,0.939080570358783
2456,0.93789650965482
1759,0.9370284038595855
2786,0.9369610212743282
1017,0.9366065650247037
209,0.9362408183515072
529,0.9340030252933502
889,0.9332907586358488
1218,0.9331683539785445
1447,0.9323122866917402
126,0.9320073695853353
1860,0.9298391994088888
182,0.9289252534508705
870,0.9288146216422319
120,0.9267339911311865
1382,0.925720018800348
2465,0.9250582135282457
1378,0.9242820125073195
3046,0.9239311281125993
2986,0.9237782501149923
1974,0.9217397486791015
2889,0.9205795619636774
1065,0.9183883811347187
190,0.9180460833013058
2857,0.9173481957986951
384,0.916138225235045
750,0.9149788327049464
1483,0.9141263128258288
2040,0.9127953010611236
1716,0.9103819476440549
293,0.9092310946434736
1397,0.9091902719810605
1529,0.9081959570758045
3042,0.908154159784317
2899,0.9080603905022144
2144,0.9064750988036394
2284,0.9042832348495722
946,0.9036210514605045
3088,0.9025654275901616
1275,0.9012793945148587
1335,0.8993641478009522
1038,0.899224984459579
850,0.898991133319214
2917,0.8954995647072792
1330,0.8950522327795625
1862,0.8923681764863431
1126,0.891667440533638
978,0.8914386508986354
1747,0.8909033212112263
279,0.8888210407458246
970,0.8888054545968771
1023,0.8877737591974437
402,0.8856483213603497
1935,0.884829830378294
2051,0.8846859522163868
2648,0.8842096840962768
1987,0.8834129115566611
172,0.8820307236164808
873,0.8816753316204995
1957,0.8813712359406054
1255,0.8804119722917676
1381,0.8797398232854903
3276,0.8789548825006932
3166,0.8765820041298866
655,0.8762237681075931
1697,0.8748138844966888
1294,0.8729220200330019
1030,0.8726874198764563
2601,0.8726855022832751
1556,0.872008802369237
2077,0.8698622656520456
2442,0.867265110486187
1072,0.8671573507599533
753,0.8654871340841055
144,0.865437138825655
510,0.8647904731333256
1408,0.863506899215281
1847,0.8627737071365118
1879,0.8625648375600576
1238,0.8622916107997298
273,0.8618130637332797
1484,0.8615673147141933
455,0.8614748418331146
569,0.8612299030646682
2943,0.8592586368322372
416,0.8585060443729162
3273,0.8582865353673697
3002,0.856921321246773
481,0.8553036851808429
867,0.855103955604136
3268,0.8549531272146851
1490,0.8543103188276291
987,0.8525217175483704
679,0.8510141521692276
916,0.8495871536433697
1289,0.849524512887001
1956,0.8488868400454521
1109,0.8484560162760317
2553,0.8478760309517384
861,0.8473201785236597
1806,0.8462922126054764
1765,0.845831910148263
147,0.8439835831522942
2688,0.8414889127016068
3369,0.8413385506719351
1377,0.8400087183108553
813,0.839844485744834
192,0.8394192066043615
1933,0.8386390963569283
625,0.8386044073849916
592,0.8375903302803636
2614,0.8347415365278721
1662,0.834014730527997
835,0.833442437229678
3275,0.8312672153115273
623,0.8306778944097459
201,0.8305632900446653
1958,0.8304396620951593
993,0.8300922033376992
2961,0.830022974871099
2541,0.827953277155757
3328,0.8279377184808254
1204,0.8271892927587032
997,0.8268173094838858
3108,0.8258910202421248
1217,0.8257821165025234
242,0.8246580250561237
1398,0.8244089367799461
3257,0.8243352808058262
1803,0.8239563293755054
347,0.8235220927745104
1848,0.8231943966820836
2148,0.8225911636836827
396,0.8217023038305342
1269,0.8209424563683569
1237,0.8197987321764231
719,0.8187822001054883
1930,0.8176859607920051
221,0.8168667447753251
1572,0.8154536136426032
1970,0.8138450477272272
1168,0.81320954952389
1897,0.8080391753464937
1726,0.8067924412898719
918,0.8062924378318712
254,0.805313078686595
1554,0.8033346850425005
133,0.8031995510682464
601,0.8014033373910934
1801,0.7991989916190505
974,0.7987341852858663
1534,0.7981298450613394
1029,0.7950390484184027
1912,0.7946612751111388
298,0.792704775929451
275,0.7918116133660078
2870,0.7912998180836439
2901,0.7908408576622605
2848,0.787861492484808
2397,0.7878236938267946
460,0.7869424540549517
170,0.7868849225342274
9,0.7860409375280142
428,0.7859086953103542
2547,0.7855790762696415
2681,0.7852696711197495
1570,0.7838745131157339
2094,0.7834237469360232
1946,0.7821277203038335
1242,0.7817887356504798
331,0.7815644629299641
1401,0.7814602572470903
103,0.7813555647153407
178,0.7809620099142194
609,0.7806516927666962
2020,0.779390056617558
392,0.7770817521959543
3047,0.7762733399868011
2484,0.7739246301352978
88,0.7732882043346763
1920,0.7718857969157398
2740,0.770640667527914
1492,0.770379189401865
1977,0.7692144168540835
31,0.7683420041576028
2823,0.7679496803320944
1193,0.7679009912535548
1190,0.7676808331161737
1003,0.7665941948071122
643,0.7654365687631071
2488,0.7652925010770559
2451,0.764988812385127
150,0.7647723966510966
2856,0.764090022072196
34,0.7635666322894394
752,0.7629933911375701
3343,0.7614470301195979
2635,0.7591869793832302
27,0.7577733090147376
1163,0.7575259804725647
1059,0.7572334450669587
2913,0.7542329831048846
960,0.7538094301708043
2979,0.7526107048615813
2498,0.7519625164568424
306,0.7519588768482208
373,0.7518569198437035
1450,0.7517828058917075
692,0.7489625047892332
696,0.745171197457239
3071,0.745034241117537
1889,0.7446700632572174
868,0.7445644978433847
153,0.7438884442672133
2503,0.7437009131535888
372,0.743598023429513
812,0.7434931714087725
3302,0.7425560876727104
1591,0.7424765834584832
1078,0.7411259645596147
2030,0.7400119034573436
1254,0.7379217413254082
713,0.7378472853451967
1019,0.7377593223936856
1836,0.7370604847092181
3054,0.7348303692415357
1688,0.7342640394344926
2316,0.7342207101173699
1824,0.7339774537831545
900,0.7334940303117037
685,0.7328858049586415
1678,0.7324594683013856
2356,0.730988307390362
3062,0.7298521553166211
1581,0.7281788713298738
635,0.7266149539500475
3339,0.7238956347573549
2910,0.7237779137212783
2076,0.7233103003818542
1929,0.7226778473705053
795,0.7218237230554223
561,0.7213846915401518
2555,0.7206170335412025
1033,0.7199324630200863
841,0.7182821314781904
2814,0.7182527938857675
829,0.7178866621106863
46,0.7167878719046712
465,0.7165625777561218
1968,0.7165126567706466
1809,0.7140329163521528
2038,0.7137447772547603
1586,0.7120997826568782
2621,0.7120382860302925
1323,0.7109566852450371
2433,0.7108767088502645
767,0.7095971340313554
954,0.7087733428925276
1613,0.7077290476299822
2955,0.7076663076877594
1959,0.7076292387209833
2147,0.7074301776010543
1474,0.7053254377096891
2441,0.7044374831020832
244,0.7038530553691089
2273,0.7024466651491821
1095,0.7017690986394882
1082,0.69997079949826
777,0.6998108668485656
935,0.6981375981122255
1642,0.6977781374007463
445,0.6939632063731551
1665,0.6930643450468779
1052,0.6927228886634111
1350,0.6923682810738683
2446,0.6917745051905513
1731,0.691659945063293
1165,0.6908167470246553
2916,0.6904571480117738
3347,0.6898920014500618
764,0.6864940822124481
1171,0.6839198295492679
1241,0.682543596252799
188,0.6793465514201671
1979,0.678989740088582
1574,0.6786472490057349
924,0.6772568225860596
2619,0.6764893587678671
2101,0.6763039510697126
949,0.6724605211056769
1835,0.6711107254959643
222,0.6704566213302314
2895,0.6697773979976773
572,0.6688399906270206
1225,0.6684994380921125
1905,0.6683318477589637
2033,0.6635209009982646
3245,0.6621859683655202
2709,0.6619687750935555
1274,0.6611339785158634
1054,0.6569630024023354
1495,0.6551347323693335
102,0.6529203883837909
1942,0.6483928710222244
1202,0.6479347134009004
642,0.6473074704408646
2582,0.6470762882381678
2937,0.6453726501204073
2149,0.6434178482741117
305,0.643048613332212
264,0.6421477028634399
2413,0.6418868792243302
2687,0.6414427380077541
360,0.6414365125820041
1845,0.6401454091537744
1229,0.6390921454876661
531,0.6388013600371778
2348,0.6369825499132276
2125,0.6365188825875521
2222,0.6352528687566519
3135,0.6317375563085079
140,0.6311721499077976
758,0.6311584478244185
2567,0.6304875747300684
3041,0.6304134614765644
1099,0.6279145735315979
2167,0.6245851460844278
3146,0.6242724526673555
659,0.6238246043212712
1636,0.6234593070112169
1931,0.6223379890434444
985,0.6201798813417554
2265,0.6182402353733778
2475,0.615830734372139
770,0.6151381153613329
2885,0.6118663679808378
1178,0.6112398230470717
2430,0.6107751112431288
2013,0.6099206344224513
2431,0.6095106865977868
928,0.6089717922732234
563,0.6085501997731626
909,0.6085354834794998
434,0.6072742035612464
984,0.6055508451536298
541,0.6049217797117308
1814,0.6045337240211666
1192,0.5991386764217168
346,0.598547370173037
762,0.5982947048032656
1625,0.5971753615885973
1111,0.5946841247496195
1512,0.5945991049520671
1120,0.5933509524911642
1317,0.5929164197295904
2877,0.591091675683856
1349,0.5909572541713715
1117,0.5893450956791639
837,0.5892489859834313
842,0.5885624252259731
369,0.5881287129595876
1825,0.5874898554757237
1316,0.5863101989962161
1329,0.5861668605357409
1243,0.5861417972482741
1326,0.5854423828423023
177,0.5843268176540732
640,0.5833788085728884
500,0.5807777214795351
2308,0.5802792198956013
1744,0.5783385103568435
1135,0.5774744097143412
2646,0.5750306975096464
3078,0.5749332844279706
1167,0.5748459417372942
3159,0.5748325460590422
2682,0.5675696339458227
789,0.5674036333803087
149,0.5669532809406519
3120,0.5658139307051897
2540,0.5657505020499229
3312,0.5645001381635666
2965,0.5644426196813583
410,0.5638264138251543
1047,0.5632203062996268
2182,0.5624249638058245
554,0.5614287238568068
730,0.5612982301972806
1187,0.5582030047662556
1412,0.5580013217404485
348,0.556818462908268
2384,0.5536637660115957
2292,0.5525474548339844
2272,0.5512346578761935
544,0.5440758899785578
325,0.5429253624752164
1549,0.5406955428479705
3213,0.53928496921435
1857,0.5391894802451134
450,0.5389931495301425
259,0.5387152340263128
3244,0.536629700800404
2644,0.5351419374346733
2238,0.5338645891752094
2171,0.5337485522031784
466,0.5330143868923187
3026,0.5328304059803486
2232,0.531989561393857
310,0.5295734154060483
477,0.5266182525083423
2375,0.5243299575522542
3304,0.523659941740334
449,0.5236098198220134
1750,0.5227940613403916
3131,0.5202859370037913
1477,0.5198260862380266
898,0.5192737118341029
2353,0.5186728937551379
1494,0.5161217711865902
2221,0.5160212116315961
1763,0.5141313020139933
2645,0.5138184875249863
2004,0.5136760822497308
3145,0.5125493723899126
122,0.5099406950175762
493,0.5097661474719644
2632,0.5090696699917316
1999,0.5088814673945308
25,0.5075412252917886
2680,0.5075160986743867
474,0.5054571721702814
337,0.5046320263063535
2858,0.5023822840303183
223,0.4979204833507538
1854,0.4975378504022956
1551,0.496920564211905
1582,0.49656230956315994
2070,0.49427295103669167
1122,0.49384273029863834
3009,0.49379016691818833
3224,0.4929286912083626
1389,0.4917565658688545
3190,0.49099809397011995
2026,0.48863646760582924
891,0.48732930049300194
2618,0.48703132569789886
3266,0.4867488034069538
108,0.48334199469536543
1263,0.48333519510924816
332,0.4832518775947392
1557,0.4823477193713188
1722,0.4803131353110075
1687,0.4768198016099632
2327,0.47662436310201883
185,0.47613508766517043
1212,0.474284945987165
16,0.4738671239465475
808,0.4731983505189419
649,0.4728503692895174
1863,0.47218264220282435
981,0.4671948095783591
1150,0.46554388105869293
32,0.46075108635704964
2506,0.4605198851786554
1278,0.45968959853053093
919,0.45909173134714365
1130,0.4587858906015754
1895,0.45780426636338234
1706,0.45481601171195507
2128,0.45444131549447775
1416,0.45367536740377545
2748,0.45159161277115345
973,0.4506487064063549
2237,0.4496060428209603
2328,0.44463190995156765
2416,0.4445553235709667
1221,0.4439706173725426
1060,0.4411090000066906
3292,0.44105309154838324
1096,0.439992540050298
1158,0.4397819936275482
3068,0.43950803531333804
992,0.43633625097572803
2762,0.436014978447929
352,0.43598245829343796
2414,0.43528510443866253
1136,0.43351939925923944
1903,0.43158089462667704
1435,0.43113035918213427
2847,0.43093624128960073
682,0.43065885081887245
740,0.4299641486722976
1771,0.4289901847951114
2017,0.42815899522975087
2796,0.42779562529176474
885,0.42767083598300815
2666,0.42314712330698967
2704,0.4224325534887612
542,0.4202586244791746
1191,0.41941446368582547
1392,0.4161964934319258
3117,0.4160353587940335
660,0.41217331821098924
1354,0.4116801670752466
2158,0.41104820277541876
1725,0.41079958784393966
2531,0.40993477031588554
1342,0.4095954217482358
300,0.408877476118505
1964,0.4080505333840847
2426,0.40747763961553574
2337,0.40719129145145416
1914,0.40614192467182875
1110,0.40567991277202964
2166,0.40364717971533537
2213,0.40083571895956993
2450,0.3997694328427315
715,0.3983657108619809
788,0.3981441278010607
2310,0.3970618210732937
2983,0.3967286613769829
361,0.39560080599039793
971,0.39519427297636867
3012,0.39431505696848035
1689,0.39388818200677633
579,0.39302700688131154
1596,0.39094883389770985
3271,0.3905292637646198
1318,0.39037355966866016
699,0.3897552276030183
1152,0.3897115336731076
1321,0.38808326702564955
668,0.3842303343117237
1877,0.3822247120551765
1327,0.3768161083571613
523,0.3755098404362798
2398,0.3749874718487263
2879,0.3744741468690336
2090,0.37376852706074715
1063,0.3736521052196622
3113,0.3730187639594078
925,0.3727238876745105
1115,0.3725818139500916
1710,0.3713352270424366
1114,0.36970514710992575
1821,0.36964133474975824
1515,0.36520297126844525
3093,0.36396680446341634
634,0.3639631848782301
131,0.3630707119591534
1223,0.362791805062443
459,0.36225507967174053
1061,0.3616731595247984
1207,0.3616364849731326
1181,0.3598655476234853
127,0.35984544456005096
1403,0.3595329043455422
24,0.3592054722830653
1698,0.3551785619929433
1578,0.35300411749631166
2116,0.35112590715289116
59,0.34949716652045026
255,0.3492413368076086
3132,0.3473581690341234
2617,0.34414087794721127
2751,0.34390132315456867
2733,0.34315932216122746
175,0.34254886116832495
1113,0.34095455100759864
183,0.3392572868615389
2522,0.33569179847836494
166,0.33529939595609903
63,0.3340724571608007
1256,0.3336446527391672
174,0.3336217594332993
1024,0.3273913599550724
995,0.3234904743731022
2882,0.32110709324479103
3003,0.32021266920492053
1451,0.31903278606478125
2211,0.31902969256043434
433,0.3177716704085469
2050,0.3156812200322747
72,0.3148244023323059
262,0.31426716689020395
1813,0.3126188777387142
763,0.31010955572128296
3053,0.3090614639222622
461,0.3061369052156806
440,0.3039106111973524
1208,0.3030038154684007
1799,0.3022529315203428
2319,0.30139735992997885
303,0.29900876991450787
1301,0.29871636256575584
1056,0.2962080487050116
2491,0.2946054311469197
398,0.2932263473048806
1235,0.292025001719594
216,0.2911727447062731
132,0.289625545963645
202,0.28697191970422864
906,0.28670883225277066
1188,0.2841020170599222
2135,0.2831425406038761
516,0.2828591768629849
1106,0.2797507734503597
1230,0.2797481007874012
1978,0.2795695054810494
1981,0.27838716749101877
630,0.27817446179687977
1506,0.2724001467577182
965,0.2714821663685143
2933,0.2692049553152174
1740,0.26891225995495915
558,0.2682715496048331
2774,0.2643700074404478
2390,0.26409647846594453
2573,0.25910636712796986
1878,0.2557537201792002
1522,0.2556126690469682
1990,0.2554563023149967
977,0.2541311299428344
2285,0.25292657501995564
485,0.24937937874346972
617,0.24838196858763695
87,0.24722949718125165
311,0.24574192659929395
2151,0.24085234152153134
644,0.2393282304983586
933,0.23886699974536896
800,0.23505341913551092
1779,0.2343819630332291
562,0.2280661603435874
29,0.22523728641681373
637,0.22424509655684233
73,0.2210633922368288
1137,0.22001390997320414
2225,0.21834143437445164
1850,0.21768459118902683
821,0.21659418800845742
1623,0.21646651905030012
815,0.21517833042889833
291,0.2150176033610478
208,0.21474004350602627
738,0.2099314364604652
2844,0.20351571962237358
581,0.20301301823928952
2349,0.2009618328884244
281,0.1973427478224039
415,0.1914637740701437
941,0.1907890159636736
1633,0.18942725518718362
1036,0.18307619728147984
2473,0.18265241337940097
2236,0.18257862469181418
662,0.17934820614755154
233,0.17897558212280273
741,0.1754009216092527
1374,0.1749781360849738
921,0.1702817203477025
2156,0.1659085424616933
897,0.16518953209742904
1686,0.1648501642048359
761,0.16413661744445562
1246,0.16343580838292837
1151,0.16090040048584342
482,0.16010236833244562
58,0.15699444292113185
2552,0.15639313170686364
353,0.15551170613616705
3277,0.15182185173034668
2439,0.15006259130313993
3367,0.1489257477223873
2208,0.14555051643401384
2713,0.14333220105618238
2486,0.13971977308392525
711,0.13604078209027648
862,0.13599591702222824
1505,0.13508211309090257
706,0.13200687058269978
854,0.1296639060601592
934,0.1291157006053254
811,0.12621217872947454
1145,0.12546256883069873
1423,0.12431990168988705
1415,0.12377268611453474
513,0.11726064886897802
6,0.0984858819283545
357,0.09718796308152378
833,0.09690290642902255
1562,0.09120090212672949
1090,0.08922512154094875
2972,0.08320875279605389
2048,0.08246493060141802
91,0.07950489595532417
33,0.07907669385895133
3350,0.07878775428980589
1094,0.07645784318447113
1383,0.07238854398019612
857,0.06865279609337449
3223,0.05966984108090401
99,0.05747372470796108
90,0.05622772825881839
2649,0.05168132111430168
2080,0.049154020845890045
342,0.04336737375706434
138,0.042644133791327477
1593,0.042632733937352896
799,0.041805922985076904
1446,0.04011937417089939
2779,0.037576775066554546
745,0.034554312005639076
537,0.031687501817941666
1141,0.023775917012244463
972,0.017438916489481926
3246,0.017014657147228718
3235,0.0127517469227314
1018,0.008529748767614365
527,0.008503016084432602
2671,0.008392329327762127
2596,0.004925503395497799
1458,0.003073621541261673
1893,0.002962533850222826
794,0.00012755487114191055
1580,-0.0014619380235671997
888,-0.005909160245209932
232,-0.006326393224298954
1550,-0.013565627858042717
2189,-0.01425493136048317
2203,-0.015479182358831167
266,-0.0170680470764637
979,-0.017577290069311857
163,-0.021149143110960722
1257,-0.024802452884614468
1840,-0.028735820204019547
197,-0.028803572058677673
961,-0.028966821497306228
1247,-0.03044871147722006
2434,-0.035634662955999374
30,-0.03573224158026278
3186,-0.039492225274443626
1597,-0.0397379519417882
969,-0.041484198649413884
875,-0.04443718213587999
1093,-0.05019316449761391
406,-0.05410732701420784
268,-0.05567146651446819
536,-0.057105655781924725
1468,-0.06257030414417386
3248,-0.06838071346282959
2058,-0.07784227468073368
80,-0.08257248857989907
629,-0.10008936608210206
1969,-0.10150845139287412
3340,-0.1051129661500454
2957,-0.10541569907218218
2313,-0.10573521535843611
943,-0.11094480426982045
2018,-0.11169540602713823
798,-0.11190105881541967
1960,-0.12039457960054278
211,-0.12402673438191414
2200,-0.12595045752823353
2613,-0.131108108907938
2831,-0.13157058507204056
2343,-0.13288764283061028
1026,-0.13320881593972445
1711,-0.13892001006752253
519,-0.139880096539855
1700,-0.1417567515745759
613,-0.14247966650873423
1980,-0.1426172088831663
549,-0.14652682933956385
181,-0.149202773347497
911,-0.150851646438241
509,-0.1509656934067607
3051,-0.15106630697846413
3307,-0.15798796899616718
2745,-0.15967737743631005
2962,-0.16076190024614334
155,-0.16311099869199097
2376,-0.16324427165091038
1239,-0.1636845008470118
1170,-0.1732337384019047
1511,-0.18129976326599717
2773,-0.184135758318007
1011,-0.18649322353303432
1355,-0.18770855385810137
797,-0.18924287892878056
171,-0.19056457321858034
849,-0.19139576144516468
2905,-0.19229523837566376
68,-0.19854219816625118
689,-0.21100558480247855
35,-0.21525719948112965
2670,-0.21682273037731647
1544,-0.21698221191763878
2340,-0.2198535054922104
439,-0.2253039227798581
468,-0.238214747980237
2365,-0.23919630236923695
52,-0.24013713048771024
1820,-0.240593945607543
237,-0.24402092164382339
1768,-0.24752485938370228
1535,-0.2515339092351496
100,-0.2669252660125494
203,-0.2686416292563081
1908,-0.26885838340967894
691,-0.27150736551266164
2054,-0.27164181880652905
1203,-0.27737725153565407
351,-0.27885847724974155
176,-0.2842031908221543
1253,-0.2865878373850137
1976,-0.28752138651907444
1183,-0.29330809600651264
1542,-0.29474717378616333
1743,-0.3056478276848793
843,-0.3096592528745532
469,-0.31228194013237953
283,-0.3133526984602213
1043,-0.31808833638206124
2752,-0.3249761392362416
1609,-0.32885267212986946
95,-0.3315517269074917
2459,-0.3377991053275764
807,-0.33878947608172894
212,-0.33979710610583425
1045,-0.3446726882830262
2731,-0.35068076476454735
606,-0.3540476515190676
110,-0.36009363550692797
1311,-0.36031092423945665
1009,-0.3624661769717932
721,-0.36425295704975724
2722,-0.3694606963545084
787,-0.3727883701212704
830,-0.38157994858920574
1300,-0.3918633759021759
1195,-0.3921831422485411
2672,-0.39758762437850237
112,-0.4063985198736191
470,-0.4078701576218009
75,-0.4105267869308591
2339,-0.41099921613931656
179,-0.41540026292204857
227,-0.41620503179728985
879,-0.42535549448803067
2215,-0.42538670753128827
1628,-0.42735020257532597
1057,-0.4280175603926182
441,-0.4311152631416917
316,-0.43235376290977
1630,-0.43299195915460587
1148,-0.43522647581994534
400,-0.4413451896980405
633,-0.4420475987717509
2968,-0.4420677609741688
2173,-0.4451348790898919
408,-0.4495988329872489
1800,-0.4499307256191969
3283,-0.46181856468319893
1085,-0.4681187253445387
947,-0.46907513961195946
165,-0.4715235563926399
333,-0.4773777141235769
886,-0.4794237017631531
2170,-0.4796819109469652
49,-0.4844890437088907
1310,-0.4995912096928805
2890,-0.5044874716550112
1276,-0.5074134971946478
963,-0.5095099713653326
1605,-0.5100425165146589
3153,-0.5121061159297824
18,-0.5145499627105892
2802,-0.5176085699349642
2551,-0.5211493652313948
1528,-0.5246338676661253
3170,-0.5263413435313851
1520,-0.5298775155097246
2795,-0.5327294357120991
168,-0.5510801640339196
2035,-0.5553425326943398
1205,-0.557163231773302
2385,-0.5617806361988187
2776,-0.5648999437689781
1200,-0.5679392507299781
555,-0.5777203408069909
2131,-0.5813248828053474
1020,-0.5903541706502438
505,-0.6016794841270894
330,-0.6088540647178888
568,-0.6102535715326667
1051,-0.6248009614646435
423,-0.6388454800471663
2287,-0.640278791077435
2997,-0.6456539835780859
205,-0.6477373288944364
3005,-0.6493138242512941
1975,-0.6559458412230015
1307,-0.6681521786376834
1470,-0.6682561133056879
1720,-0.6737501341849566
2277,-0.6746940985321999
518,-0.6763581805862486
877,-0.6991844046860933
2261,-0.6998522859066725
1509,-0.7034954316914082
698,-0.7116503491997719
71,-0.7127289918716997
419,-0.7131177149713039
1701,-0.7141346856951714
855,-0.7148171369917691
1718,-0.7262712665833533
135,-0.7400539084337652
2825,-0.7466267254203558
2630,-0.746720964089036
2737,-0.7667772602289915
1641,-0.7680979538708925
3070,-0.7739281714893878
457,-0.786603819578886
1497,-0.8084290437400341
1777,-0.8745854506269097
749,-0.8797705778852105
805,-0.8927533393725753
1347,-0.8965516053140163
1012,-0.9004263393580914
683,-0.901944030309096
727,-0.9240309356246144
874,-0.9289581384509802
2247,-0.9316056431271136
2086,-0.9357875846326351
247,-0.9449410131201148
204,-0.9537085511256009
899,-0.9538372000679374
1496,-0.9585297652520239
3297,-0.9630335331894457
1882,-0.9657618179917336
427,-0.9750082194805145
858,-0.990003228187561
3104,-1.00131492363289
1366,-1.0047312829410657
593,-1.0401919252471998
2307,-1.0551747758872807
539,-1.0576090929098427
2218,-1.0607563890516758
314,-1.066178166307509
1804,-1.0833808137103915
1220,-1.0883017494343221
2474,-1.109520185738802
1089,-1.111226069740951
1730,-1.1221155801322311
2647,-1.157662463374436
532,-1.1733343205414712
2810,-1.1856954414397478
2320,-1.1924844197928905
467,-1.1981715522706509
2801,-1.2050574719905853
422,-1.2053270910400897
187,-1.2054148940369487
688,-1.2098648063838482
2787,-1.2194546982645988
585,-1.2335706078447402
2255,-1.2675309367477894
2195,-1.279714971780777
2954,-1.3146348893642426
3000,-1.3306605815887451
376,-1.3333596428856254
2860,-1.3451308731455356
436,-1.3522956110537052
3106,-1.3570220256224275
1224,-1.379587677307427
3296,-1.4301731549203396
1680,-1.4341567447409034
646,-1.4408275550231338
615,-1.463753535412252
528,-1.4989812695421278
304,-1.5007084591779858
3301,-1.5092360340058804
106,-1.515306146349758
2078,-1.5346066690981388
1693,-1.5523259416222572
3043,-1.5558122657239437
3299,-1.5677470369264483
2683,-1.6082229996100068
3282,-1.6493532545864582
464,-1.6746586840599775
2585,-1.6792312115430832
2250,-1.7213435396552086
694,-1.7404888316523284
3284,-1.7502488940954208
718,-1.8429281134158373
3229,-1.901247352361679
2085,-2.3648322923108935
1284,-2.799006348475814
2815,-2.9391844514757395
